Date Type,Date,Program,Total Doses Administered Daily,Daily Count People Receiving Dose 1,Daily Count People Receiving Dose 2,Total Doses Administered Cumulative,People Receiving 1 or More Doses Cumulative,People Receiving 2 Doses Cumulative,7-Day Avg Daily Count Dose 1,7-Day Avg Total Doses Daily,7-Day Avg Daily Count Dose 2,Total Doses Administered Daily Change,7-Day Avg Total Doses Administered Daily Change,Daily Count of People Fully Vaccinated,People with at least One Dose Cumulative,People Fully Vaccinated Cumulative,7-Day Avg Daily Count of People Fully Vaccinated
Admin,2020-12-13,US,12707,11183,1355,12707,11183,1355,11183,12707,1355,null,null,1431,11183,1431,1431
Report,2020-12-13,US,null,null,null,null,null,null,null,null,null,0,0,null,null,null,null
Admin,2020-12-13,LTC,229,229,0,229,229,0,229,229,0,null,null,0,229,0,0
Admin,2020-12-14,US,3801,3673,5,16508,14856,1360,7428,8254,680,null,null,23,14856,1454,727
Report,2020-12-14,US,null,null,null,null,null,null,null,null,null,509,255,null,null,null,null
Admin,2020-12-14,LTC,0,0,0,229,229,0,115,114,0,null,null,0,229,0,0
Admin,2020-12-15,US,49437,45967,27,65945,60823,1387,20274,21981,462,null,null,48,60823,1502,500
Report,2020-12-15,US,null,null,null,null,null,null,null,null,null,12129,4213,null,null,null,null
Admin,2020-12-15,LTC,0,0,0,229,229,0,76,76,0,null,null,0,229,0,0
Admin,2020-12-16,US,159677,152762,207,225622,213585,1594,53396,56405,399,null,null,228,213585,1730,432
Report,2020-12-16,US,null,null,null,null,null,null,null,null,null,38996,12909,null,null,null,null
Admin,2020-12-16,LTC,0,0,0,229,229,0,57,57,0,null,null,0,229,0,0
Admin,2020-12-17,US,272590,261535,510,498212,475120,2104,95024,99642,421,null,null,531,475120,2261,452
Report,2020-12-17,US,null,null,null,null,null,null,null,null,null,75708,25468,null,null,null,null
Admin,2020-12-17,LTC,5,5,0,234,234,0,47,46,0,null,null,0,234,0,0
Admin,2020-12-18,US,415047,403198,652,913259,878318,2756,146386,152209,459,null,null,655,878318,2916,486
Report,2020-12-18,US,null,null,null,null,null,null,null,null,null,126800,42357,null,null,null,null
Admin,2020-12-18,LTC,1518,1319,0,1752,1553,0,259,292,0,null,null,0,1553,0,0
Admin,2020-12-19,US,181046,176193,741,1094305,1054511,3497,150644,156329,500,null,null,742,1054511,3658,522
Report,2020-12-19,US,null,null,null,null,null,null,null,null,null,187508,63093,null,null,null,null
Admin,2020-12-19,LTC,323,323,0,2075,1876,0,268,296,0,null,null,0,1876,0,0
Admin,2020-12-20,US,103600,101249,517,1197905,1155760,4014,163511,169314,380,null,null,554,1155760,4212,397
Report,2020-12-20,US,null,null,null,null,null,null,null,null,null,209853,93072,null,null,null,null
Admin,2020-12-20,LTC,211,211,0,2286,2087,0,265,293,0,null,null,0,2087,0,0
Admin,2020-12-21,US,379256,370566,861,1577161,1526326,4875,215924,222950,502,null,null,865,1526326,5077,517
Report,2020-12-21,US,null,null,null,null,null,null,null,null,null,149957,114422,null,null,null,null
Admin,2020-12-21,LTC,14166,14002,0,16452,16089,0,2266,2317,0,null,null,0,16089,0,0
Admin,2020-12-22,US,445288,435798,2115,2022449,1962124,6990,271614,279500,800,null,null,2118,1962124,7195,813
Report,2020-12-22,US,null,null,null,null,null,null,null,null,null,189722,139792,null,null,null,null
Admin,2020-12-22,LTC,16784,16562,9,33236,32651,9,4632,4715,1,null,null,9,32651,9,1
Admin,2020-12-23,US,565735,553435,1723,2588184,2515559,8713,328853,337508,1017,null,null,1726,2515559,8921,1027
Report,2020-12-23,US,null,null,null,null,null,null,null,null,null,368173,186817,null,null,null,null
Admin,2020-12-23,LTC,22752,20181,13,55988,52832,22,7515,7965,3,null,null,13,52832,22,3
Admin,2020-12-24,US,193619,187993,886,2781803,2703552,9599,318347,326227,1071,null,null,889,2703552,9810,1078
Report,2020-12-24,US,null,null,null,null,null,null,null,null,null,338436,224350,null,null,null,null
Admin,2020-12-24,LTC,2043,2027,16,58031,54859,38,7804,8256,5,null,null,16,54859,38,5
Admin,2020-12-25,US,12129,12017,54,2793932,2715569,9653,262464,268667,985,null,null,54,2715569,9864,992
Report,2020-12-25,US,null,null,null,null,null,null,null,null,null,336145,254256,null,null,null,null
Admin,2020-12-25,LTC,115,115,0,58146,54974,38,7632,8056,5,null,null,0,54974,38,5
Admin,2020-12-26,US,137909,135316,386,2931841,2850885,10039,256625,262505,935,null,null,389,2850885,10253,942
Report,2020-12-26,US,null,null,null,null,null,null,null,null,null,156478,249823,null,null,null,null
Admin,2020-12-26,LTC,9368,9241,13,67514,64215,51,8906,9348,7,null,null,13,64215,51,7
Admin,2020-12-27,US,92907,90925,349,3024748,2941810,10388,255150,260977,911,null,null,396,2941810,10649,919
Report,2020-12-27,US,null,null,null,null,null,null,null,null,null,61992,228700,null,null,null,null
Admin,2020-12-27,LTC,8952,8825,8,76466,73040,59,10136,10597,8,null,null,8,73040,59,8
Admin,2020-12-28,US,575638,561166,2421,3600386,3502976,12809,282379,289032,1133,null,null,2428,3502976,13077,1142
Report,2020-12-28,US,null,null,null,null,null,null,null,null,null,156220,229595,null,null,null,null
Admin,2020-12-28,LTC,59887,59275,22,136353,132315,81,16604,17128,12,null,null,22,132315,81,11
Admin,2020-12-29,US,704931,683342,3163,4305317,4186318,15972,317742,326124,1283,null,null,3169,4186318,16246,1293
Report,2020-12-29,US,null,null,null,null,null,null,null,null,null,314677,247446,null,null,null,null
Admin,2020-12-29,LTC,79606,78472,75,215959,210787,156,25448,26103,21,null,null,75,210787,156,21
Admin,2020-12-30,US,824012,800278,5666,5129329,4986596,21638,353005,363020,1846,null,null,5671,4986596,21917,1856
Report,2020-12-30,US,null,null,null,null,null,null,null,null,null,441549,257928,null,null,null,null
Admin,2020-12-30,LTC,77609,76512,247,293568,287299,403,33495,33940,54,null,null,247,287299,403,54
Admin,2020-12-31,US,414046,402258,2106,5543375,5388854,23744,383615,394510,2021,null,null,2108,5388854,24025,2030
Report,2020-12-31,US,null,null,null,null,null,null,null,null,null,573278,291477,null,null,null,null
Admin,2020-12-31,LTC,16168,16091,70,309736,303390,473,35504,35957,62,null,null,70,303390,473,62
Admin,2021-01-01,US,48944,46354,1758,5592319,5435208,25502,388520,399769,2264,null,null,1860,5435208,25885,2288
Report,2021-01-01,US,null,null,null,null,null,null,null,null,null,434528,305532,null,null,null,null
Admin,2021-01-01,LTC,1609,1605,4,311345,304995,477,35717,36171,63,null,null,4,304995,477,62
Admin,2021-01-02,US,249913,242902,2286,5842232,5678110,27788,403889,415770,2536,null,null,2294,5678110,28179,2560
Report,2021-01-02,US,null,null,null,null,null,null,null,null,null,290402,324664,null,null,null,null
Admin,2021-01-02,LTC,46550,45834,38,357895,350829,515,40945,41483,66,null,null,38,350829,515,66
Admin,2021-01-03,US,129768,123444,2136,5972000,5801554,29924,408535,421036,2791,null,null,2138,5801554,30317,2809
Report,2021-01-03,US,null,null,null,null,null,null,null,null,null,185279,342276,null,null,null,null
Admin,2021-01-03,LTC,32562,31876,57,390457,382705,572,44238,44855,73,null,null,57,382705,572,73
Admin,2021-01-04,US,630386,575066,42357,6602386,6376620,72281,410521,428857,8496,null,null,42371,6376620,72688,8515
Report,2021-01-04,US,null,null,null,null,null,null,null,null,null,239472,354169,null,null,null,null
Admin,2021-01-04,LTC,85874,84978,58,476331,467683,630,47910,48568,78,null,null,58,467683,630,78
Admin,2021-01-05,US,794889,698857,82611,7397275,7075477,154892,412737,441708,19846,null,null,82625,7075477,155313,19866
Report,2021-01-05,US,null,null,null,null,null,null,null,null,null,337114,357375,null,null,null,null
Admin,2021-01-05,LTC,96853,96254,103,573184,563937,733,50450,51032,82,null,null,103,563937,733,82
Admin,2021-01-06,US,990451,806524,166523,8387726,7882001,321415,413629,465485,42825,null,null,166545,7882001,321858,42848
Report,2021-01-06,US,null,null,null,null,null,null,null,null,null,600055,380018,null,null,null,null
Admin,2021-01-06,LTC,94892,94003,176,668076,657940,909,52949,53501,72,null,null,176,657940,909,72
Admin,2021-01-07,US,1127342,836003,269715,9515068,8718004,591130,475593,567384,81055,null,null,269727,8718004,591585,81080
Report,2021-01-07,US,null,null,null,null,null,null,null,null,null,730700,402507,null,null,null,null
Admin,2021-01-07,LTC,123190,122009,341,791266,779949,1250,68080,68790,111,null,null,341,779949,1250,111
Admin,2021-01-08,US,1191572,817180,351302,10706640,9535184,942432,585711,730617,130990,null,null,351323,9535184,942908,131003
Report,2021-01-08,US,null,null,null,null,null,null,null,null,null,870465,464784,null,null,null,null
Admin,2021-01-08,LTC,113946,111860,1249,905212,891809,2499,83831,84838,289,null,null,1249,891809,2499,288
Admin,2021-01-09,US,489390,357292,124476,11196030,9892476,1066908,602052,764828,148446,null,null,124481,9892476,1067389,148458
Report,2021-01-09,US,null,null,null,null,null,null,null,null,null,790484,536224,null,null,null,null
Admin,2021-01-09,LTC,50578,49662,337,955790,941471,2836,84377,85413,332,null,null,337,941471,2836,331
Admin,2021-01-10,US,238380,167706,67049,11434410,10060182,1133957,608375,780344,157719,null,null,67059,10060182,1134448,157733
Report,2021-01-10,US,null,null,null,null,null,null,null,null,null,727095,613626,null,null,null,null
Admin,2021-01-10,LTC,35532,35039,283,991322,976510,3119,84829,85837,364,null,null,283,976510,3119,363
Admin,2021-01-11,US,1030247,696900,314044,12464657,10757082,1448001,625780,837467,196531,null,null,314063,10757082,1448511,196546
Report,2021-01-11,US,null,null,null,null,null,null,null,null,null,419440,639336,null,null,null,null
Admin,2021-01-11,LTC,143416,131138,11374,1134738,1107648,14493,91424,94058,1980,null,null,11374,1107648,14493,1980
Admin,2021-01-12,US,1209107,882276,305475,13673764,11639358,1753476,651983,896641,228369,null,null,305497,11639358,1754008,228385
Report,2021-01-12,US,null,null,null,null,null,null,null,null,null,516858,665014,null,null,null,null
Admin,2021-01-12,LTC,156441,142098,13411,1291179,1249746,27904,97973,102570,3882,null,null,13411,1249746,27904,3881
Admin,2021-01-13,US,1281300,997933,263760,14955064,12637291,2017236,679327,938191,242260,null,null,263773,12637291,2017781,242274
Report,2021-01-13,US,null,null,null,null,null,null,null,null,null,987485,720361,null,null,null,null
Admin,2021-01-13,LTC,159909,143240,15805,1451088,1392986,43709,105007,111858,6114,null,null,15805,1392986,43709,6114
Admin,2021-01-14,US,1271824,1124876,129394,16226888,13762167,2146630,720595,958831,222214,null,null,129406,13762167,2147187,222228
Report,2021-01-14,US,null,null,null,null,null,null,null,null,null,1093867,772242,null,null,null,null
Admin,2021-01-14,LTC,141348,137741,2987,1592436,1530727,46696,107254,114452,6492,null,null,2987,1530727,46696,6492
Admin,2021-01-15,US,1217170,1089468,114078,17444058,14851635,2260708,759493,962488,188325,null,null,114097,14851635,2261284,188339
Report,2021-01-15,US,null,null,null,null,null,null,null,null,null,956233,784495,null,null,null,null
Admin,2021-01-15,LTC,112906,110398,1463,1705342,1641125,48159,107045,114304,6523,null,null,1463,1641125,48159,6522
Admin,2021-01-16,US,631259,557207,68014,18075317,15408842,2328722,788052,982755,180259,null,null,68026,15408842,2329310,180274
Report,2021-01-16,US,null,null,null,null,null,null,null,null,null,1141043,834574,null,null,null,null
Admin,2021-01-16,LTC,64401,56659,7070,1769743,1697784,55229,108045,116279,7485,null,null,7070,1697784,55229,7484
Admin,2021-01-17,US,293157,251309,39551,18368474,15660151,2368273,799996,990580,176331,null,null,39553,15660151,2368863,176345
Report,2021-01-17,US,null,null,null,null,null,null,null,null,null,856109,853005,null,null,null,null
Admin,2021-01-17,LTC,49113,43212,5653,1818856,1740996,60882,109212,118219,8252,null,null,5653,1740996,60882,8251
Admin,2021-01-18,US,841944,617525,217549,19210418,16277676,2585822,788656,963680,162546,null,null,217567,16277676,2586430,162559
Report,2021-01-18,US,null,null,null,null,null,null,null,null,null,548050,871378,null,null,null,null
Admin,2021-01-18,LTC,170441,129220,40619,1989297,1870216,101501,108938,122079,12430,null,null,40619,1870216,101501,12429
Admin,2021-01-19,US,1298837,945572,337258,20509255,17223248,2923080,797699,976498,167086,null,null,337270,17223248,2923700,167098
Report,2021-01-19,US,null,null,null,null,null,null,null,null,null,621154,886277,null,null,null,null
Admin,2021-01-19,LTC,180333,131942,47689,2169630,2002158,149190,107487,125493,17327,null,null,47689,2002158,149190,17326
Admin,2021-01-20,US,1565936,1141996,404029,22075191,18365244,3327109,818279,1017161,187125,null,null,404040,18365244,3327740,187137
Report,2021-01-20,US,null,null,null,null,null,null,null,null,null,441318,808253,null,null,null,null
Admin,2021-01-20,LTC,191005,146727,43551,2360635,2148885,192741,107986,129935,21290,null,null,43551,2148885,192741,21290
Admin,2021-01-21,US,1580439,1300846,258408,23655630,19666090,3585517,843418,1061248,205555,null,null,258433,19666090,3586173,205569
Report,2021-01-21,US,null,null,null,null,null,null,null,null,null,1021093,797857,null,null,null,null
Admin,2021-01-21,LTC,144249,132676,10993,2504884,2281561,203734,107262,130349,22434,null,null,10993,2281561,203734,22434
Admin,2021-01-22,US,1576083,1358990,198391,25231713,21025080,3783908,881921,1112522,217600,null,null,198406,21025080,3784579,217613
Report,2021-01-22,US,null,null,null,null,null,null,null,null,null,1561585,884336,null,null,null,null
Admin,2021-01-22,LTC,127062,122109,4472,2631946,2403670,208206,108935,132372,22864,null,null,4472,2403670,208206,22863
Admin,2021-01-23,US,882375,728892,142461,26114088,21753972,3926369,906447,1148395,228235,null,null,142469,21753972,3927048,228248
Report,2021-01-23,US,null,null,null,null,null,null,null,null,null,1430031,925620,null,null,null,null
Admin,2021-01-23,LTC,96546,68037,28033,2728492,2471707,236239,110560,136964,25859,null,null,28033,2471707,236239,25858
Admin,2021-01-24,US,381917,294361,82582,26496005,22048333,4008951,912597,1161075,234383,null,null,82587,22048333,4009635,234396
Report,2021-01-24,US,null,null,null,null,null,null,null,null,null,1310665,990557,null,null,null,null
Admin,2021-01-24,LTC,63329,43638,19360,2791821,2515345,255599,110621,138995,27817,null,null,19361,2515345,255600,27816
Admin,2021-01-25,US,1311292,833206,460520,27807297,22881539,4469471,943409,1228125,269093,null,null,460533,22881539,4470168,269105
Report,2021-01-25,US,null,null,null,null,null,null,null,null,null,885588,1038776,null,null,null,null
Admin,2021-01-25,LTC,184754,125896,57791,2976575,2641241,313390,110146,141039,30270,null,null,57791,2641241,313391,30270
Admin,2021-01-26,US,1611153,1035187,554079,29418450,23916726,5023550,956211,1272742,300067,null,null,554094,23916726,5024262,300080
Report,2021-01-26,US,null,null,null,null,null,null,null,null,null,806751,1065290,null,null,null,null
Admin,2021-01-26,LTC,205061,133947,70390,3181636,2775188,383780,110433,144572,33513,null,null,70390,2775188,383781,33513
Admin,2021-01-27,US,1868327,1222294,617704,31286777,25139020,5641254,967682,1315940,330592,null,null,617718,25139020,5641980,330605
Report,2021-01-27,US,null,null,null,null,null,null,null,null,null,1111640,1161050,null,null,null,null
Admin,2021-01-27,LTC,212070,140765,70631,3393706,2915953,454411,109581,147581,37381,null,null,70631,2915953,454412,37381
Admin,2021-01-28,US,1893977,1344781,526946,33180754,26483801,6168200,973959,1360732,368955,null,null,526976,26483801,6168956,368969
Report,2021-01-28,US,null,null,null,null,null,null,null,null,null,1541048,1235330,null,null,null,null
Admin,2021-01-28,LTC,190731,118625,71401,3584437,3034578,525812,107574,154221,46011,null,null,71401,3034578,525813,46011
Admin,2021-01-29,US,1844412,1337420,470296,35025166,27821221,6638496,970877,1399064,407798,null,null,470312,27821221,6639268,407812
Report,2021-01-29,US,null,null,null,null,null,null,null,null,null,1690979,1253815,null,null,null,null
Admin,2021-01-29,LTC,177844,114176,63157,3762281,3148754,588969,106441,161476,54395,null,null,63157,3148754,588970,54394
Admin,2021-01-30,US,991982,750200,229050,36017148,28571421,6867546,973921,1414722,420168,null,null,229052,28571421,6868320,420181
Report,2021-01-30,US,null,null,null,null,null,null,null,null,null,1693241,1291416,null,null,null,null
Admin,2021-01-30,LTC,96415,61032,34954,3858696,3209786,623923,105440,161457,55383,null,null,34954,3209786,623924,55383
Admin,2021-01-31,US,443244,319755,117435,36460392,28891176,6984981,977549,1423483,425147,null,null,117441,28891176,6985761,425160
Report,2021-01-31,US,null,null,null,null,null,null,null,null,null,1545397,1324949,null,null,null,null
Admin,2021-01-31,LTC,67491,42682,24482,3926187,3252468,648405,105303,162052,56115,null,null,24482,3252468,648406,56115
Admin,2021-02-01,US,1269763,720508,527627,37730155,29611684,7512608,961449,1417551,434734,null,null,527737,29611684,7513498,434761
Report,2021-02-01,US,null,null,null,null,null,null,null,null,null,1099103,1355451,null,null,null,null
Admin,2021-02-01,LTC,174334,88370,85052,4100521,3340838,733457,99942,160563,60010,null,null,85052,3340838,733458,60009
Admin,2021-02-02,US,1618323,937978,659611,39348478,30549662,8172219,947562,1418575,449810,null,null,659654,30549662,8173152,449841
Report,2021-02-02,US,null,null,null,null,null,null,null,null,null,558458,1319981,null,null,null,null
Admin,2021-02-02,LTC,188411,96504,90442,4288932,3437342,823899,94593,158185,62874,null,null,90442,3437342,823900,62874
Admin,2021-02-03,US,2063161,1240017,793908,41411639,31789679,8966127,950094,1446408,474982,null,null,793939,31789679,8967091,475015
Report,2021-02-03,US,null,null,null,null,null,null,null,null,null,1097394,1317946,null,null,null,null
Admin,2021-02-03,LTC,199879,101262,96843,4488811,3538604,920742,88950,156443,66619,null,null,96843,3538604,920743,66618
Admin,2021-02-04,US,2255670,1360532,868214,43667309,33150211,9834341,952344,1498079,523734,null,null,868260,33150211,9835351,523770
Report,2021-02-04,US,null,null,null,null,null,null,null,null,null,1325456,1287147,null,null,null,null
Admin,2021-02-04,LTC,203800,99593,103337,4692611,3638197,1024079,86231,158310,71181,null,null,103337,3638197,1024080,71181
Admin,2021-02-05,US,2262752,1329666,910957,45930061,34479877,10745298,951237,1557842,586686,null,null,910999,34479877,10746350,586726
Report,2021-02-05,US,null,null,null,null,null,null,null,null,null,1615502,1276364,null,null,null,null
Admin,2021-02-05,LTC,208559,110408,96585,4901170,3748605,1120664,85693,162698,75956,null,null,96585,3748605,1120665,75956
Admin,2021-02-06,US,1255672,840143,402748,47185733,35320020,11148046,964086,1595512,611500,null,null,402781,35320020,11149131,611544
Report,2021-02-06,US,null,null,null,null,null,null,null,null,null,2218752,1351437,null,null,null,null
Admin,2021-02-06,LTC,111062,60653,49619,5012232,3809258,1170283,85639,164790,78051,null,null,49619,3809258,1170284,78051
Admin,2021-02-07,US,431912,276861,148370,47617645,35596881,11296416,957958,1593893,615919,null,null,148385,35596881,11297516,615965
Report,2021-02-07,US,null,null,null,null,null,null,null,null,null,2172973,1441091,null,null,null,null
Admin,2021-02-07,LTC,65482,30165,34755,5077714,3839423,1205038,83851,164503,79519,null,null,34755,3839423,1205039,79519
Admin,2021-02-08,US,1497583,817986,664715,49115228,36414867,11961131,971883,1626439,635503,null,null,664753,36414867,11962269,635538
Report,2021-02-08,US,null,null,null,null,null,null,null,null,null,1206680,1456459,null,null,null,null
Admin,2021-02-08,LTC,161705,73270,87039,5239419,3912693,1292077,81694,162699,79803,null,null,87039,3912693,1292078,79802
Admin,2021-02-09,US,1883542,1018164,849152,50998770,37433031,12810283,983338,1664327,662581,null,null,849197,37433031,12811466,662616
Report,2021-02-09,US,null,null,null,null,null,null,null,null,null,788573,1489333,null,null,null,null
Admin,2021-02-09,LTC,169322,74784,93106,5408741,3987477,1385183,78591,159972,80183,null,null,93106,3987477,1385184,80183
Admin,2021-02-10,US,2198832,1198267,982682,53197602,38631298,13792965,977374,1683709,689548,null,null,982726,38631298,13794192,689585
Report,2021-02-10,US,null,null,null,null,null,null,null,null,null,1563780,1555959,null,null,null,null
Admin,2021-02-10,LTC,162433,61111,99412,5571174,4048588,1484595,72855,154623,80550,null,null,99412,4048588,1484596,80550
Admin,2021-02-11,US,2303561,1246922,1036448,55501163,39878220,14829413,961144,1690550,713582,null,null,1036504,39878220,14830696,713620
Report,2021-02-11,US,null,null,null,null,null,null,null,null,null,1620300,1598080,null,null,null,null
Admin,2021-02-11,LTC,159905,62525,96063,5731079,4111113,1580658,67559,148352,79511,null,null,96063,4111113,1580659,79511
Admin,2021-02-12,US,2483498,1347267,1107084,57984661,41225487,15936497,963659,1722085,741600,null,null,1107147,41225487,15937843,741641
Report,2021-02-12,US,null,null,null,null,null,null,null,null,null,2020288,1655907,null,null,null,null
Admin,2021-02-12,LTC,171520,84304,86118,5902599,4195417,1666776,63830,143061,78016,null,null,86118,4195417,1666777,78016
Admin,2021-02-13,US,1420526,845827,557651,59405187,42071314,16494148,964471,1745636,763729,null,null,557695,42071314,16495538,763772
Report,2021-02-13,US,null,null,null,null,null,null,null,null,null,2231326,1657703,null,null,null,null
Admin,2021-02-13,LTC,85373,42615,42281,5987972,4238032,1709057,61253,139391,76968,null,null,42281,4238032,1709058,76967
Admin,2021-02-14,US,563724,334453,219862,59968911,42405767,16714010,972698,1764466,773942,null,null,219871,42405767,16715409,773984
Report,2021-02-14,US,null,null,null,null,null,null,null,null,null,2242472,1667631,null,null,null,null
Admin,2021-02-14,LTC,53843,25053,27986,6041815,4263085,1737043,60523,137728,76001,null,null,27986,4263085,1737044,76000
Admin,2021-02-15,US,1119683,599319,501485,61088594,43005086,17215495,941460,1710480,750623,null,null,501540,43005086,17216949,750668
Report,2021-02-15,US,null,null,null,null,null,null,null,null,null,1376214,1691850,null,null,null,null
Admin,2021-02-15,LTC,105716,38395,66576,6147531,4301480,1803619,55541,129730,73077,null,null,66576,4301480,1803620,73077
Admin,2021-02-16,US,1563696,786263,755306,62652290,43791349,17970801,908331,1664788,737217,null,null,755344,43791349,17972293,737261
Report,2021-02-16,US,null,null,null,null,null,null,null,null,null,959794,1716311,null,null,null,null
Admin,2021-02-16,LTC,113328,42344,70029,6260859,4343824,1873648,50907,121731,69781,null,null,70029,4343824,1873649,69780
Admin,2021-02-17,US,1900711,921529,956096,64553001,44712878,18926897,868797,1622199,733419,null,null,956151,44712878,18928444,733464
Report,2021-02-17,US,null,null,null,null,null,null,null,null,null,1061463,1644551,null,null,null,null
Admin,2021-02-17,LTC,117841,40658,75841,6378700,4384482,1949489,47985,115360,66413,null,null,75841,4384482,1949490,66413
Admin,2021-02-18,US,1779628,820059,932482,66332629,45532937,19859379,807817,1547352,718567,null,null,932559,45532937,19861003,718615
Report,2021-02-18,US,null,null,null,null,null,null,null,null,null,1455940,1621071,null,null,null,null
Admin,2021-02-18,LTC,111676,36782,73318,6490376,4421264,2022807,44307,108471,63164,null,null,73318,4421264,2022808,63164
Admin,2021-02-19,US,1888365,818248,1042833,68220994,46351185,20902212,732243,1462333,709388,null,null,1042978,46351185,20903981,709448
Report,2021-02-19,US,null,null,null,null,null,null,null,null,null,1847276,1596355,null,null,null,null
Admin,2021-02-19,LTC,111952,37371,73166,6602328,4458635,2095973,37603,99961,61314,null,null,73166,4458635,2095974,61313
Admin,2021-02-20,US,1258772,591869,650440,69479766,46943054,21552652,695963,1439225,722643,null,null,650477,46943054,21554458,722702
Report,2021-02-20,US,null,null,null,null,null,null,null,null,null,1704457,1521088,null,null,null,null
Admin,2021-02-20,LTC,60610,19359,40655,6662938,4477994,2136628,34280,96423,61082,null,null,40655,4477994,2136629,61081
Admin,2021-02-21,US,554853,242251,302957,70034619,47185305,21855609,682791,1437958,734514,null,null,302998,47185305,21857456,734578
Report,2021-02-21,US,null,null,null,null,null,null,null,null,null,1801134,1458040,null,null,null,null
Admin,2021-02-21,LTC,42311,12807,29004,6705249,4490801,2165632,32531,94776,61227,null,null,29004,4490801,2165633,61227
Admin,2021-02-22,US,1393717,609868,757558,71428336,47795173,22613167,684298,1477106,771096,null,null,757635,47795173,22615091,771163
Report,2021-02-22,US,null,null,null,null,null,null,null,null,null,1086840,1416701,null,null,null,null
Admin,2021-02-22,LTC,94386,29205,64289,6799635,4520006,2229921,31218,93157,60900,null,null,64289,4520006,2229922,60900
Admin,2021-02-23,US,1856608,856290,967648,73284944,48651463,23580815,694302,1518950,801431,null,null,967713,48651463,23582804,801501
Report,2021-02-23,US,null,null,null,null,null,null,null,null,null,854609,1401674,null,null,null,null
Admin,2021-02-23,LTC,93398,29908,62491,6893033,4549914,2292412,29441,90310,59823,null,null,62491,4549914,2292413,59823
Admin,2021-02-24,US,2414611,1221556,1162196,75699555,49873019,24743011,737163,1592364,830873,null,null,1162317,49873019,24745121,830953
Report,2021-02-24,US,null,null,null,null,null,null,null,null,null,1432864,1454731,null,null,null,null
Admin,2021-02-24,LTC,105385,38083,66513,6998418,4587997,2358925,29074,88531,58491,null,null,66513,4587997,2358926,58490
Admin,2021-02-25,US,2801048,1502496,1259677,78500603,51375515,26002688,834654,1738282,877616,null,null,1259862,51375515,26004983,877711
Report,2021-02-25,US,null,null,null,null,null,null,null,null,null,1809170,1505193,null,null,null,null
Admin,2021-02-25,LTC,110443,42038,67432,7108861,4630035,2426357,29824,88355,57650,null,null,67432,4630035,2426358,57650
Admin,2021-02-26,US,2975521,1641234,1301202,81476124,53016749,27303890,952223,1893590,914525,null,null,1301298,53016749,27306281,914614
Report,2021-02-26,US,null,null,null,null,null,null,null,null,null,2179947,1552717,null,null,null,null
Admin,2021-02-26,LTC,70242,22433,46749,7179103,4652468,2473106,27690,82396,53876,null,null,46749,4652468,2473107,53876
Admin,2021-02-27,US,1908608,1115793,771538,83384732,54132542,28075428,1027070,1986423,931825,null,null,771813,54132542,28078094,931948
Report,2021-02-27,US,null,null,null,null,null,null,null,null,null,2352116,1645240,null,null,null,null
Admin,2021-02-27,LTC,42479,13160,28806,7221582,4665628,2501912,26805,79806,52183,null,null,28806,4665628,2501913,52183
Admin,2021-02-28,US,803684,519557,271595,84188416,54652099,28347023,1066685,2021971,927345,null,null,271644,54652099,28349738,927468
Report,2021-02-28,US,null,null,null,null,null,null,null,null,null,2429823,1735053,null,null,null,null
Admin,2021-02-28,LTC,21662,6260,15095,7243244,4671888,2517007,25870,76856,50196,null,null,15095,4671888,2517008,50196
Admin,2021-03-01,US,1831044,1090024,713601,86019460,55742123,29060624,1135279,2084446,921065,null,null,714469,55742123,29064207,921302
Report,2021-03-01,US,null,null,null,null,null,null,null,null,null,1663984,1817502,null,null,null,null
Admin,2021-03-01,LTC,37759,12818,24546,7281003,4684706,2541553,23529,68766,44519,null,null,24546,4684706,2541554,44518
Admin,2021-03-02,US,2325900,1405879,897388,88345360,57148002,29958012,1213791,2151488,911028,null,null,898129,57148002,29962336,911361
Report,2021-03-02,US,null,null,null,null,null,null,null,null,null,1731614,1942788,null,null,null,null
Admin,2021-03-02,LTC,40803,14682,25753,7321806,4699388,2567306,21353,61253,39271,null,null,25756,4699388,2567310,39271
Admin,2021-03-03,US,2777684,1693721,1057154,91123044,58841723,31015166,1281243,2203355,896022,null,null,1067312,58841723,31029648,897789
Report,2021-03-03,US,null,null,null,null,null,null,null,null,null,1908873,2010790,null,null,null,null
Admin,2021-03-03,LTC,41320,12894,28116,7363126,4712282,2595422,17755,52101,33785,null,null,28118,4712282,2595428,33786
Admin,2021-03-04,US,3059921,1903998,1125005,94182965,60745721,32140171,1338601,2240337,876783,null,null,1172807,60745721,32202455,885353
Report,2021-03-04,US,null,null,null,null,null,null,null,null,null,2032374,2042676,null,null,null,null
Admin,2021-03-04,LTC,40785,11595,28783,7403911,4723877,2624205,13406,42150,28264,null,null,28783,4723877,2624211,28264
Admin,2021-03-05,US,3083603,1953707,1108366,97266568,62699428,33248537,1383240,2255777,849235,null,null,1231117,62699428,33433572,875327
Report,2021-03-05,US,null,null,null,null,null,null,null,null,null,2435246,2079147,null,null,null,null
Admin,2021-03-05,LTC,39762,12732,26540,7443673,4736609,2650745,12020,37795,25377,null,null,26547,4736609,2650758,25378
Admin,2021-03-06,US,1973658,1312157,649017,99240226,64011585,33897554,1411292,2265070,831732,null,null,821774,64011585,34255346,882464
Report,2021-03-06,US,null,null,null,null,null,null,null,null,null,2904229,2158020,null,null,null,null
Admin,2021-03-06,LTC,16599,5110,11304,7460272,4741719,2662049,10870,34098,22877,null,null,11363,4741719,2662121,22886
Admin,2021-03-07,US,874056,648554,221072,100114282,64660139,34118626,1429720,2275123,824515,null,null,322375,64660139,34577721,889711
Report,2021-03-07,US,null,null,null,null,null,null,null,null,null,2439427,2159392,null,null,null,null
Admin,2021-03-07,LTC,10699,3314,7149,7470971,4745033,2669198,10449,32532,21742,null,null,7151,4745033,2669272,21752
Admin,2021-03-08,US,2051056,1429492,608389,102165338,66089631,34727015,1478215,2306554,809484,null,null,801871,66089631,35379592,902197
Report,2021-03-08,US,null,null,null,null,null,null,null,null,null,1738102,2169981,null,null,null,null
Admin,2021-03-08,LTC,24097,7506,16319,7495068,4752539,2685517,9690,30580,20566,null,null,16321,4752539,2685593,20577
Admin,2021-03-09,US,2563510,1740034,809892,104728848,67829665,35536907,1525952,2340498,796985,null,null,1015661,67829665,36395253,918988
Report,2021-03-09,US,null,null,null,null,null,null,null,null,null,1602746,2151571,null,null,null,null
Admin,2021-03-09,LTC,27108,9340,17569,7522176,4761879,2703086,8927,28624,19397,null,null,17570,4761879,2703163,19407
Admin,2021-03-10,US,3010186,2019330,971557,107739034,69848995,36508464,1572467,2373712,784757,null,null,1210192,69848995,37605445,939399
Report,2021-03-10,US,null,null,null,null,null,null,null,null,null,2028692,2168688,null,null,null,null
Admin,2021-03-10,LTC,23700,7660,15822,7545876,4769539,2718908,8180,26107,17641,null,null,15823,4769539,2718986,17651
Admin,2021-03-11,US,3337867,2235587,1074486,111076901,72084582,37582950,1619837,2413419,777540,null,null,1340088,72084582,38945533,963296
Report,2021-03-11,US,null,null,null,null,null,null,null,null,null,2482603,2233006,null,null,null,null
Admin,2021-03-11,LTC,22612,6954,15401,7568488,4776493,2734309,7517,23511,15729,null,null,15407,4776493,2734393,15740
Admin,2021-03-12,US,3304969,2071815,1194603,114381870,74156397,38777553,1636710,2445043,789859,null,null,1452060,74156397,40397593,994860
Report,2021-03-12,US,null,null,null,null,null,null,null,null,null,2924112,2302844,null,null,null,null
Admin,2021-03-12,LTC,22288,7527,14449,7590776,4784020,2748758,6773,21014,14002,null,null,14461,4784020,2748854,14013
Admin,2021-03-13,US,2109762,1359800,729200,116491632,75516197,39506753,1643516,2464486,801314,null,null,970176,75516197,41367769,1016060
Report,2021-03-13,US,null,null,null,null,null,null,null,null,null,3234490,2350025,null,null,null,null
Admin,2021-03-13,LTC,10264,2655,7506,7601040,4786675,2756264,6422,20109,13459,null,null,7508,4786675,2756362,13463
Admin,2021-03-14,US,932676,633728,286510,117424308,76149925,39793263,1641398,2472860,810662,null,null,396030,76149925,41763799,1026582
Report,2021-03-14,US,null,null,null,null,null,null,null,null,null,2697779,2386932,null,null,null,null
Admin,2021-03-14,LTC,7942,1761,6066,7608982,4788436,2762330,6200,19715,13305,null,null,6069,4788436,2762431,13308
Admin,2021-03-15,US,2157253,1441583,691313,119581561,77591508,40484576,1643125,2488031,822509,null,null,819999,77591508,42583798,1029172
Report,2021-03-15,US,null,null,null,null,null,null,null,null,null,2021586,2427430,null,null,null,null
Admin,2021-03-15,LTC,15061,4396,10022,7624043,4792832,2772352,5756,18425,12405,null,null,10031,4792832,2772462,12409
Admin,2021-03-16,US,2759817,1882644,859121,122341378,79474152,41343697,1663498,2516075,829541,null,null,989371,79474152,43573169,1025416
Report,2021-03-16,US,null,null,null,null,null,null,null,null,null,1655996,2435037,null,null,null,null
Admin,2021-03-16,LTC,14403,4903,9317,7638446,4797735,2781669,5122,16610,11226,null,null,9320,4797735,2781782,11231
Admin,2021-03-17,US,3038539,2081509,938679,125379917,81555661,42282376,1672381,2520126,824845,null,null,1067857,81555661,44641026,1005083
Report,2021-03-17,US,null,null,null,null,null,null,null,null,null,2299771,2473762,null,null,null,null
Admin,2021-03-17,LTC,15001,4985,9898,7653447,4802720,2791567,4740,15367,10380,null,null,9900,4802720,2791682,10385
Admin,2021-03-18,US,3257262,2240446,998602,128637179,83796107,43280978,1673075,2508611,814004,null,null,1136778,83796107,45777804,976038
Report,2021-03-18,US,null,null,null,null,null,null,null,null,null,2692381,2503731,null,null,null,null
Admin,2021-03-18,LTC,14986,4873,9961,7668433,4807593,2801528,4443,14277,9603,null,null,9978,4807593,2801660,9609
Admin,2021-03-19,US,3185029,2166571,999608,131822208,85962678,44280586,1686612,2491476,786148,null,null,1149301,85962678,46927105,932787
Report,2021-03-19,US,null,null,null,null,null,null,null,null,null,2583810,2455116,null,null,null,null
Admin,2021-03-19,LTC,13906,4442,9276,7682339,4812035,2810804,4002,13080,8864,null,null,9303,4812035,2810963,8872
Admin,2021-03-20,US,2062717,1375076,677252,133884925,87337754,44957838,1688794,2484756,778726,null,null,813063,87337754,47740168,910342
Report,2021-03-20,US,null,null,null,null,null,null,null,null,null,3127679,2439857,null,null,null,null
Admin,2021-03-20,LTC,6753,1618,5041,7689092,4813653,2815845,3854,12578,8512,null,null,5044,4813653,2816007,8520
Admin,2021-03-21,US,964927,663720,295217,134849852,88001474,45253055,1693078,2489363,779970,null,null,343795,88001474,48083963,902880
Report,2021-03-21,US,null,null,null,null,null,null,null,null,null,3039915,2488734,null,null,null,null
Admin,2021-03-21,LTC,3435,1000,2382,7692527,4814653,2818227,3745,11935,7985,null,null,2383,4814653,2818390,7994
Admin,2021-03-22,US,2241343,1560425,667900,137091195,89561899,45920955,1710056,2501376,776626,null,null,751384,89561899,48835347,893078
Report,2021-03-22,US,null,null,null,null,null,null,null,null,null,2028324,2489697,null,null,null,null
Admin,2021-03-22,LTC,8066,2765,5083,7700593,4817418,2823310,3512,10935,7280,null,null,5094,4817418,2823484,7288
Admin,2021-03-23,US,2932996,1954144,961225,140024191,91516043,46882180,1720270,2526116,791212,null,null,1067051,91516043,49902398,904175
Report,2021-03-23,US,null,null,null,null,null,null,null,null,null,1707293,2497025,null,null,null,null
Admin,2021-03-23,LTC,7157,2862,4259,7707750,4820280,2827569,3221,9900,6557,null,null,4340,4820280,2827824,6577
Admin,2021-03-24,US,3410775,2167097,1222408,143434966,93683140,48104588,1732497,2579292,831745,null,null,1336808,93683140,51239206,942597
Report,2021-03-24,US,null,null,null,null,null,null,null,null,null,2256824,2490889,null,null,null,null
Admin,2021-03-24,LTC,7287,2986,4241,7715037,4823266,2831810,2935,8798,5749,null,null,4655,4823266,2832479,5828
Admin,2021-03-25,US,3678674,2228996,1424842,147113640,95912136,49529430,1730861,2639494,892636,null,null,1549173,95912136,52788379,1001510
Report,2021-03-25,US,null,null,null,null,null,null,null,null,null,2831442,2510755,null,null,null,null
Admin,2021-03-25,LTC,7665,3119,4450,7722702,4826385,2836260,2685,7752,4962,null,null,4719,4826385,2837198,5076
Admin,2021-03-26,US,3662758,2071783,1569605,150776398,97983919,51099035,1717320,2707741,974064,null,null,1692862,97983919,54481241,1079162
Report,2021-03-26,US,null,null,null,null,null,null,null,null,null,3379393,2624410,null,null,null,null
Admin,2021-03-26,LTC,6828,3118,3593,7729530,4829503,2839853,2495,6741,4150,null,null,3792,4829503,2840990,4289
Admin,2021-03-27,US,2379907,1350440,1015251,153156305,99334359,52114286,1713801,2753054,1022350,null,null,1102303,99334359,55583544,1120482
Report,2021-03-27,US,null,null,null,null,null,null,null,null,null,3496047,2677034,null,null,null,null
Admin,2021-03-27,LTC,1601,395,1191,7731131,4829898,2841044,2321,6005,3600,null,null,1206,4829898,2842196,3741
Admin,2021-03-28,US,1153888,664067,479643,154310193,99998426,52593929,1713850,2780048,1048696,null,null,508933,99998426,56092477,1144073
Report,2021-03-28,US,null,null,null,null,null,null,null,null,null,3281956,2711611,null,null,null,null
Admin,2021-03-28,LTC,1059,286,760,7732190,4830184,2841804,2219,5666,3368,null,null,760,4830184,2842956,3509
Admin,2021-03-29,US,2681781,1570043,1093798,156991974,101568469,53687727,1715224,2842968,1109539,null,null,1176702,101568469,57269179,1204833
Report,2021-03-29,US,null,null,null,null,null,null,null,null,null,2350144,2757586,null,null,null,null
Admin,2021-03-29,LTC,4206,1960,2167,7736396,4832144,2843971,2104,5114,2952,null,null,2284,4832144,2845240,3108
Admin,2021-03-30,US,3400971,1986668,1395707,160392945,103555137,55083434,1719871,2909822,1171608,null,null,1517208,103555137,58786387,1269141
Report,2021-03-30,US,null,null,null,null,null,null,null,null,null,1789510,2769331,null,null,null,null
Admin,2021-03-30,LTC,4199,2059,2113,7740595,4834203,2846084,1989,4692,2645,null,null,2569,4834203,2847809,2855
Admin,2021-03-31,US,3979360,2362684,1594489,164372305,105917821,56677923,1747812,2991048,1224762,null,null,1810638,105917821,60597025,1336831
Report,2021-03-31,US,null,null,null,null,null,null,null,null,null,2670947,2828491,null,null,null,null
Admin,2021-03-31,LTC,4099,2309,1720,7744694,4836512,2847804,1892,4236,2285,null,null,2328,4836512,2850137,2522
Admin,2021-04-01,US,4265644,2441530,1796376,168637949,108359351,58474299,1778174,3074901,1277838,null,null,2070158,108359351,62667183,1411257
Report,2021-04-01,US,null,null,null,null,null,null,null,null,null,3358112,2903730,null,null,null,null
Admin,2021-04-01,LTC,4606,2362,1349,7749300,4838874,2849153,1784,3799,1842,null,null,1862,4838874,2851999,2114
Admin,2021-04-02,US,3485850,2010449,1449821,172123799,110369800,59924120,1769412,3049628,1260726,null,null,1695159,110369800,64362342,1411585
Report,2021-04-02,US,null,null,null,null,null,null,null,null,null,3975059,2988825,null,null,null,null
Admin,2021-04-02,LTC,4978,1343,1366,7754278,4840217,2850519,1531,3535,1524,null,null,1706,4840217,2853705,1816
Admin,2021-04-03,US,2199655,1291108,894229,174323454,111660908,60818349,1760936,3023878,1243438,null,null,1081799,111660908,65444141,1408656
Report,2021-04-03,US,null,null,null,null,null,null,null,null,null,4081959,3072527,null,null,null,null
Admin,2021-04-03,LTC,1283,294,418,7755561,4840511,2850937,1516,3490,1413,null,null,418,4840511,2854123,1703
Admin,2021-04-04,US,715486,422365,286775,175038940,112083273,61105124,1726407,2961249,1215885,null,null,340408,112083273,65784549,1384581
Report,2021-04-04,US,null,null,null,null,null,null,null,null,null,3365324,3084436,null,null,null,null
Admin,2021-04-04,LTC,195,86,93,7755756,4840597,2851030,1488,3366,1318,null,null,94,4840597,2854217,1608
Admin,2021-04-05,US,2933603,1688112,1228930,177972543,113771385,62334054,1743274,2997224,1235190,null,null,1482806,113771385,67267355,1428310
Report,2021-04-05,US,null,null,null,null,null,null,null,null,null,2134049,3053566,null,null,null,null
Admin,2021-04-05,LTC,2717,1803,892,7758473,4842400,2851922,1465,3153,1136,null,null,1132,4842400,2855349,1444
Admin,2021-04-06,US,3757606,2212546,1525802,181730149,115983931,63859856,1775542,3048172,1253775,null,null,1935952,115983931,69203307,1488131
Report,2021-04-06,US,null,null,null,null,null,null,null,null,null,1404280,2998533,null,null,null,null
Admin,2021-04-06,LTC,3641,2274,1358,7762114,4844674,2853280,1496,3074,1028,null,null,2150,4844674,2857499,1384
Admin,2021-04-07,US,4047160,2429050,1599430,185777309,118412981,65459286,1785023,3057857,1254480,null,null,2118158,118412981,71321465,1532062
Report,2021-04-07,US,null,null,null,null,null,null,null,null,null,2884580,3029052,null,null,null,null
Admin,2021-04-07,LTC,3869,2681,1165,7765983,4847355,2854445,1549,3041,949,null,null,1857,4847355,2859356,1317
Admin,2021-04-08,US,4057282,2368777,1668143,189834591,120781758,67127429,1774630,3028091,1236161,null,null,2233718,120781758,73555183,1555428
Report,2021-04-08,US,null,null,null,null,null,null,null,null,null,3403061,3035473,null,null,null,null
Admin,2021-04-08,LTC,3428,2221,1189,7769411,4849576,2855634,1529,2873,926,null,null,2023,4849576,2861379,1340
Admin,2021-04-09,US,4103682,2366245,1712278,193938273,123148003,68839707,1825458,3116353,1273655,null,null,2287744,123148003,75842927,1640083
Report,2021-04-09,US,null,null,null,null,null,null,null,null,null,3958065,3033045,null,null,null,null
Admin,2021-04-09,LTC,3335,2265,1051,7772746,4851841,2856685,1661,2638,881,null,null,1867,4851841,2863246,1363
Admin,2021-04-10,US,2745984,1672563,1060118,196684257,124820566,69899825,1879951,3194400,1297354,null,null,1560720,124820566,77403647,1708500
Report,2021-04-10,US,null,null,null,null,null,null,null,null,null,4629928,3111327,null,null,null,null
Admin,2021-04-10,LTC,309,118,189,7773055,4851959,2856874,1635,2499,848,null,null,190,4851959,2863436,1330
Admin,2021-04-11,US,1337518,816168,515194,198021775,125636734,70415019,1936209,3283262,1329985,null,null,755216,125636734,78158863,1767759
Report,2021-04-11,US,null,null,null,null,null,null,null,null,null,3579422,3141912,null,null,null,null
Admin,2021-04-11,LTC,406,80,324,7773461,4852039,2857198,1635,2529,881,null,null,335,4852039,2863771,1364
Admin,2021-04-12,US,2851413,1590659,1246740,200873188,127227393,71661759,1922287,3271520,1332529,null,null,1603261,127227393,79762124,1784967
Report,2021-04-12,US,null,null,null,null,null,null,null,null,null,2644914,3214893,null,null,null,null
Admin,2021-04-12,LTC,2351,1606,727,7775812,4853645,2857925,1606,2477,858,null,null,1193,4853645,2864964,1373
Admin,2021-04-13,US,3316496,1708111,1592862,204189684,128935504,73254621,1850225,3208505,1342109,null,null,1615518,128935504,81377642,1739190
Report,2021-04-13,US,null,null,null,null,null,null,null,null,null,2590736,3384387,null,null,null,null
Admin,2021-04-13,LTC,2312,1442,853,7778124,4855087,2858778,1488,2287,785,null,null,853,4855087,2865817,1188
Admin,2021-04-14,US,3518180,1705115,1797567,207707864,130640619,75052188,1746805,3132936,1370415,null,null,1800532,130640619,83178174,1693815
Report,2021-04-14,US,null,null,null,null,null,null,null,null,null,2509055,3330740,null,null,null,null
Admin,2021-04-14,LTC,1745,1182,558,7779869,4856269,2859336,1273,1983,699,null,null,558,4856269,2866375,1002
Admin,2021-04-15,US,3541858,1713355,1813738,211249722,132353974,76865926,1653174,3059304,1391214,null,null,1815918,132353974,84994092,1634129
Report,2021-04-15,US,null,null,null,null,null,null,null,null,null,3525204,3348189,null,null,null,null
Admin,2021-04-15,LTC,2906,1857,1047,7782775,4858126,2860383,1221,1909,678,null,null,1047,4858126,2867422,863
Admin,2021-04-16,US,3423052,1607553,1801271,214672774,133961527,78667197,1544789,2962071,1403927,null,null,1802920,133961527,86797012,1564869
Report,2021-04-16,US,null,null,null,null,null,null,null,null,null,3965883,3349306,null,null,null,null
Admin,2021-04-16,LTC,2083,1182,883,7784858,4859308,2861266,1067,1730,654,null,null,884,4859308,2868306,722
Admin,2021-04-17,US,2240292,1135827,1098015,216913066,135097354,79765212,1468113,2889829,1409341,null,null,1098451,135097354,87895463,1498830
Report,2021-04-17,US,null,null,null,null,null,null,null,null,null,3588990,3200601,null,null,null,null
Admin,2021-04-17,LTC,134,63,70,7784992,4859371,2861336,1059,1705,637,null,null,70,4859371,2868376,705
Admin,2021-04-18,US,1026414,507321,515885,217939480,135604675,80281097,1423992,2845386,1409440,null,null,516094,135604675,88411557,1464670
Report,2021-04-18,US,null,null,null,null,null,null,null,null,null,3534901,3194240,null,null,null,null
Admin,2021-04-18,LTC,90,38,52,7785082,4859409,2861388,1053,1660,599,null,null,52,4859409,2868428,665
Admin,2021-04-19,US,2410678,1054560,1345755,220350158,136659235,81626852,1347406,2782424,1423585,null,null,1347074,136659235,89758631,1428072
Report,2021-04-19,US,null,null,null,null,null,null,null,null,null,2174495,3127038,null,null,null,null
Admin,2021-04-19,LTC,1540,1071,467,7786622,4860480,2861855,976,1544,561,null,null,467,4860480,2868895,561
Admin,2021-04-20,US,3011117,1323505,1675121,223361275,137982740,83301973,1292462,2738798,1435336,null,null,1675733,137982740,91434364,1436674
Report,2021-04-20,US,null,null,null,null,null,null,null,null,null,1806929,3015065,null,null,null,null
Admin,2021-04-20,LTC,2230,1873,356,7788852,4862353,2862211,1038,1532,490,null,null,356,4862353,2869251,490
Admin,2021-04-21,US,3163477,1293317,1858779,226524752,139276057,85160752,1233634,2688126,1444081,null,null,1859529,139276057,93293893,1445102
Report,2021-04-21,US,null,null,null,null,null,null,null,null,null,2563671,3022868,null,null,null,null
Admin,2021-04-21,LTC,2347,1578,753,7791199,4863931,2862964,1095,1618,518,null,null,753,4863931,2870004,518
Admin,2021-04-22,US,3230605,1338936,1880988,229755357,140614993,87041740,1180146,2643662,1453688,null,null,1881542,140614993,95175435,1454477
Report,2021-04-22,US,null,null,null,null,null,null,null,null,null,2995734,2947229,null,null,null,null
Admin,2021-04-22,LTC,2310,1632,668,7793509,4865563,2863632,1062,1533,464,null,null,668,4865563,2870672,464
Admin,2021-04-23,US,3019441,1277265,1732001,232774798,141892258,88773741,1132962,2586003,1443792,null,null,1732540,141892258,96907975,1444423
Report,2021-04-23,US,null,null,null,null,null,null,null,null,null,3374587,2862758,null,null,null,null
Admin,2021-04-23,LTC,1216,784,429,7794725,4866347,2864061,1006,1409,399,null,null,429,4866347,2871101,399
Admin,2021-04-24,US,2050396,961746,1083199,234825194,142854004,89856940,1108093,2558875,1441675,null,null,1086695,142854004,97994670,1442743
Report,2021-04-24,US,null,null,null,null,null,null,null,null,null,3318230,2824078,null,null,null,null
Admin,2021-04-24,LTC,93,37,55,7794818,4866384,2864116,1002,1403,397,null,null,55,4866384,2871156,397
Admin,2021-04-25,US,927540,474880,450064,235752734,143328884,90307004,1103458,2544750,1432272,null,null,454252,143328884,98448922,1433909
Report,2021-04-25,US,null,null,null,null,null,null,null,null,null,3020948,2750656,null,null,null,null
Admin,2021-04-25,LTC,71,19,43,7794889,4866403,2864159,999,1401,396,null,null,44,4866403,2871200,396
Admin,2021-04-26,US,2037723,824674,1205573,237790457,144153558,91512577,1070618,2491471,1412246,null,null,1220125,144153558,99669047,1415773
Report,2021-04-26,US,null,null,null,null,null,null,null,null,null,2107046,2741021,null,null,null,null
Admin,2021-04-26,LTC,1361,983,376,7796250,4867386,2864535,987,1375,383,null,null,386,4867386,2871586,384
Admin,2021-04-27,US,2498897,986899,1503214,240289354,145140457,93015791,1022531,2418297,1387688,null,null,1545433,145140457,101214480,1397159
Report,2021-04-27,US,null,null,null,null,null,null,null,null,null,1639215,2717062,null,null,null,null
Admin,2021-04-27,LTC,2660,1906,748,7798910,4869292,2865283,991,1436,439,null,null,823,4869292,2872409,451
Admin,2021-04-28,US,2764886,1073943,1682667,243054240,146214400,94698458,991192,2361355,1362529,null,null,1744593,146214400,102959073,1380740
Report,2021-04-28,US,null,null,null,null,null,null,null,null,null,2231745,2669644,null,null,null,null
Admin,2021-04-28,LTC,2500,1803,694,7801410,4871095,2865977,1023,1458,430,null,null,736,4871095,2873145,448
Admin,2021-04-29,US,2743734,1062890,1671749,245797974,147277290,96370207,951757,2291802,1332638,null,null,1747197,147277290,104706270,1361547
Report,2021-04-29,US,null,null,null,null,null,null,null,null,null,2721079,2630407,null,null,null,null
Admin,2021-04-29,LTC,2421,1788,563,7803831,4872883,2866540,1046,1474,415,null,null,777,4872883,2873922,464
Admin,2021-04-30,US,2600831,1022388,1570330,248398805,148299678,97940537,915346,2232001,1309542,null,null,1651715,148299678,106357985,1350001
Report,2021-04-30,US,null,null,null,null,null,null,null,null,null,2799184,2548207,null,null,null,null
Admin,2021-04-30,LTC,1763,1272,424,7805594,4874155,2866964,1115,1552,415,null,null,521,4874155,2874443,477
Admin,2021-05-01,US,1636386,650352,980654,250035191,148950030,98921191,870861,2172856,1294893,null,null,1035691,148950030,107393676,1342715
Report,2021-05-01,US,null,null,null,null,null,null,null,null,null,3303794,2546144,null,null,null,null
Admin,2021-05-01,LTC,105,74,29,7805699,4874229,2866993,1121,1554,411,null,null,30,4874229,2874473,473
Admin,2021-05-02,US,813525,316224,495254,250848716,149266254,99416445,848196,2156568,1301349,null,null,530527,149266254,107924203,1353611
Report,2021-05-02,US,null,null,null,null,null,null,null,null,null,2127998,2418580,null,null,null,null
Admin,2021-05-02,LTC,38,26,12,7805737,4874255,2867005,1122,1549,407,null,null,13,4874255,2874486,469
Admin,2021-05-03,US,1771865,603231,1162740,252620581,149869485,100579185,816561,2118589,1295230,null,null,1258537,149869485,109182740,1359099
Report,2021-05-03,US,null,null,null,null,null,null,null,null,null,1188734,2287393,null,null,null,null
Admin,2021-05-03,LTC,1239,834,402,7806976,4875089,2867407,1100,1532,410,null,null,499,4875089,2874985,485
Admin,2021-05-04,US,2192081,757367,1427715,254812662,150626852,102006900,783771,2074758,1284444,null,null,1517588,150626852,110700328,1355121
Report,2021-05-04,US,null,null,null,null,null,null,null,null,null,988846,2194483,null,null,null,null
Admin,2021-05-04,LTC,1796,1269,527,7808772,4876358,2867934,1009,1408,379,null,null,689,4876358,2875674,466
Admin,2021-05-05,US,2139479,723400,1409481,256952141,151350252,103416381,733693,1985414,1245418,null,null,1496313,151350252,112196641,1319652
Report,2021-05-05,US,null,null,null,null,null,null,null,null,null,1797771,2132487,null,null,null,null
Admin,2021-05-05,LTC,2076,1286,789,7810848,4877644,2868723,936,1348,392,null,null,898,4877644,2876572,489
Admin,2021-05-06,US,2050176,668493,1367984,259002317,152018745,104784365,677351,1886334,1202023,null,null,1450016,152018745,113646657,1277198
Report,2021-05-06,US,null,null,null,null,null,null,null,null,null,2406932,2087608,null,null,null,null
Admin,2021-05-06,LTC,2426,1835,522,7813274,4879479,2869245,942,1349,386,null,null,742,4879479,2877314,484
Admin,2021-05-07,US,1675900,530327,1141270,260678217,152549072,105925635,607056,1754201,1140728,null,null,1204672,152549072,114851329,1213334
Report,2021-05-07,US,null,null,null,null,null,null,null,null,null,2805581,2088522,null,null,null,null
Admin,2021-05-07,LTC,1080,540,535,7814354,4880019,2869780,838,1251,402,null,null,641,4880019,2877955,501
Admin,2021-05-08,US,845232,251843,589539,261523449,152800915,106515174,550126,1641179,1084855,null,null,620497,152800915,115471826,1154021
Report,2021-05-08,US,null,null,null,null,null,null,null,null,null,2567872,1983391,null,null,null,null
Admin,2021-05-08,LTC,52,27,23,7814406,4880046,2869803,831,1243,401,null,null,23,4880046,2877978,500
Admin,2021-05-09,US,75932,18989,56841,261599381,152819904,106572015,507664,1535809,1022224,null,null,58957,152819904,115530783,1086654
Report,2021-05-09,US,null,null,null,null,null,null,null,null,null,2369784,2017931,null,null,null,null
Admin,2021-05-09,LTC,2,0,2,7814408,4880046,2869805,827,1238,400,null,null,2,4880046,2877980,499
Admin,2021-05-10,US,0,0,0,261599381,152819904,106572015,421488,1282685,856119,null,null,0,152819904,115530783,906863
Report,2021-05-10,US,null,null,null,null,null,null,null,null,null,1882392,2117025,null,null,null,null
Admin,2021-05-10,LTC,0,0,0,7814408,4880046,2869805,708,1061,343,null,null,0,4880046,2877980,427
